init_id,id,description,has_stock,cost,weight,cr_number,mfg
AA-32,,,,,,,
AC-32,,,,,,,
AK-32,,,,,,,
BC-32,,,,,,,
BL18773,,,,,,,
BL511-9764,,,,,,,
BL82709,,,,,,,
BL90095,,,,,,,
BS-32,,,,,,,
B715,,,,,,,
B722,,,,,,,
B723,,,,,,,
B724,,,,,,,
B725,,,,,,,
B726,,,,,,,
B727,,,,,,,
B737-2,,,,,,,
B751-4,,,,,,,
B757-2,,,,,,,
B771-2,,,,,,,
B775,,,,,,,
B787,,,,,,,
B791,,,,,,,
B805,,,,,,,
CLEAN-D1,,,,,,,
C3520802,,,,,,,
DI ADAPTER,,,,,,,
DS1-1,,,,,,,
DS1-3,,,,,,,
DS111,,,,,,,
DS2-1,,,,,,,
DS2-2,,,,,,,
DS2-3,,,,,,,
DS2-4,,,,,,,
DS2-5,,,,,,,
DS2-6,,,,,,,
DS200,,,,,,,
DS201,,,,,,,
DS222,,,,,,,
DS3-3,,,,,,,
DS3-4,,,,,,,
DS333,,,,,,,
DS4-1,,,,,,,
DS4-2,,,,,,,
DS4-3,,,,,,,
DS444,,,,,,,
DS500,,,,,,,
GS1,,,,,,,
GS1-SM,,,,,,,
GS1-1P,,,,,,,
GS1-10P,,,,,,,
GS1-2,,,,,,,
HC-32,,,,,,,
HK-32,,,,,,,
HT100,,,,,,,
H20-32,,,,,,,
IS-ADAPTER,,,,,,,
KPS,,,,,,,
LUBEFF,,,,,,,
MP57805,,,,,,,
OF-10,,,,,,,
OF10,,,,,,,
OIL15G,,,,,,,
OR-32,,,,,,,
PDS,,,,,,,
PRIMER T,,,,,,,
PS16,,,,,,,
PT1-12,,,,,,,
QS-32,,,,,,,
Q10-400G,,,,,,,
Q45-1KG,,,,,,,
Q45-500G,,,,,,,
R-4,,,,,,,
RCS9000,,,,,,,
RNGFR-3.2OZ,,,,,,,
S-33,,,,,,,
SM25,,,,,,,
SM30-02,,,,,,,
SS-32,,,,,,,
TDCDIAL,,,,,,,
003-313,,,,,,,
003-314,,,,,,,
003-315,,,,,,,
003-316,,,,,,,
006-530,,,,,,,
0118U,,,,,,,
0119M,,,,,,,
0119MP,,,,,,,
0119Y,,,,,,,
012-170,,,,,,,
025472,,,,,,,
04445,,,,,,,
1BCPN,,,,,,,
101,,,,,,,
102,,,,,,,
1104,,,,,,,
14118CJ,,,,,,,
14181,,,,,,,
142144,,,,,,,
155158,,,,,,,
18-9016P,,,,,,,
18-9031,,,,,,,
18-9811,,,,,,,
18-9817,,,,,,,
18-9818,,,,,,,
18-9824,,,,,,,
18-9838,,,,,,,
18-9846,,,,,,,
18-9850,,,,,,,
18-9864,,,,,,,
18-9869,,,,,,,
18-9874,,,,,,,
18-9886,,,,,,,
18-9887,,,,,,,
18-9888,,,,,,,
18-9889,,,,,,,
18-9890,,,,,,,
18-9891,,,,,,,
18616,,,,,,,
200763P,,,,,,,
242B,,,,,,,
242BB,,,,,,,
242BBP,,,,,,,
242BP,,,,,,,
25052,,,,,,,
25954,,,,,,,
262BP,,,,,,,
271B,,,,,,,
271BP,,,,,,,
27131,,,,,,,
36258,,,,,,,
420259,,,,,,,
44752,,,,,,,
45004PS,,,,,,,
450529,,,,,,,
450529-1,,,,,,,
45909,,,,,,,
531-0118,,,,,,,
531-0118M1,,,,,,,
531-0118T,,,,,,,
531-0118Y,,,,,,,
539938,,,,,,,
572RP,,,,,,,
63055,,,,,,,
656,,,,,,,
66BP,,,,,,,
680BP,,,,,,,
7115,,,,,,,
7150,,,,,,,
7158,,,,,,,
802870A1,,,,,,,
822608,,,,,,,
858052K01,,,,,,,
858087K01,,,,,,,
880118,,,,,,,
9-56003,,,,,,,
9-79813,,,,,,,
9-79816,,,,,,,
90330,,,,,,,
9250,,,,,,,
98252,,,,,,,
9831P,,,,,,,
990-115,,,,,,,
990-200,,,,,,,
991S,,,,,,,
9952,,,,,,,
999-204,,,,,,,
AGMHC27,,,,,,,
AGMHC31,,,,,,,
AGM24M,,,,,,,
AGM27M,,,,,,,
AGM31M,,,,,,,
BI-27024,,,,,,,
BLM66X11,,,,,,,
BLM66X25,,,,,,,
BL18-9125,,,,,,,
BPA1100,,,,,,,
BPA2000,,,,,,,
BPA500,,,,,,,
BSR1,,,,,,,
B501BT/L,,,,,,,
B501BT3,,,,,,,
B77,,,,,,,
C14X06,,,,,,,
C4X9,,,,,,,
FOB28,,,,,,,
HS6,,,,,,,
MS2,,,,,,,
NTM814,,,,,,,
PMCX14,,,,,,,
PMC5X15,,,,,,,
PMROT13,,,,,,,
PM66X21,,,,,,,
PM66X23,,,,,,,
PM66X25,,,,,,,
PM66X27,,,,,,,
PM66X29,,,,,,,
POHS-175AF,,,,,,,
POHS-300AF,,,,,,,
PR0-5762,,,,,,,
PTT150,,,,,,,
PTT200,,,,,,,
RETROFIT KIT BENNETT,,,,,,,
SDC24,,,,,,,
SDC27,,,,,,,
SDC31,,,,,,,
SOC3822-W7,,,,,,,
SS116BJ,,,,,,,
TFLANGE-3,,,,,,,
T83FCT,,,,,,,
VTX20,,,,,,,
VT30HL,,,,,,,
042216,,,,,,,
1MDBN,,,,,,,
1MDBY,,,,,,,
1MDGN,,,,,,,
1MDGY,,,,,,,
1MDRN,,,,,,,
1MDWN,,,,,,,
1MDWY,,,,,,,
157R,,,,,,,
173-3903,,,,,,,
173-3904,,,,,,,
18-8074,,,,,,,
2MDBY,,,,,,,
2MDGY,,,,,,,
2MDWY,,,,,,,
2MSBY,,,,,,,
2MSGY,,,,,,,
2MSWY,,,,,,,
24MAA,,,,,,,
256R,,,,,,,
259B,,,,,,,
27MAA,,,,,,,
3-3502,,,,,,,
3-3780,,,,,,,
3-3781,,,,,,,
3-4313,,,,,,,
3-4375,,,,,,,
3-5750,,,,,,,
3-5753,,,,,,,
3-5754,,,,,,,
3-5755,,,,,,,
3-5759,,,,,,,
3-5760,,,,,,,
30006-001D,,,,,,,
30072-001,,,,,,,
314-014,,,,,,,
350-DHK-38-25,,,,,,,
350-LTB-38,,,,,,,
350-NSH-025,,,,,,,
350-NSH-030,,,,,,,
350-NSH-037,,,,,,,
350-NSH-044,,,,,,,
350-TBK-800S,,,,,,,
350-TBK-800T,,,,,,,
350-3520H-R1,,,,,,,
375,,,,,,,
39519,,,,,,,
4-1,,,,,,,
4-8,,,,,,,
4-9,,,,,,,
50-HSTEER,,,,,,,
6K1-82570-00-00,,,,,,,
6213,,,,,,,
8493-1,,,,,,,
9-40545,,,,,,,
9-40546,,,,,,,
9-71100,,,,,,,
9-71101,,,,,,,
92688,,,,,,,
95-HSTEER,,,,,,,
BLS1091MHT,,,,,,,
BLS1099MHT,,,,,,,
BL1200R,,,,,,,
BL267374,,,,,,,
BL271101-2,,,,,,,
BL4066,,,,,,,
BL632PS,,,,,,,
BL660P4,,,,,,,
BL951SCDI,,,,,,,
BN40I,,,,,,,
B9ES,,,,,,,
D3051,,,,,,,
D3054,,,,,,,
EXVALVE,,,,,,,
F0D-U1481,,,,,,,
GP3-U149C,,,,,,,
PL-A5,,,,,,,
PL-A7,,,,,,,
PMC43B12,,,,,,,
PM619,,,,,,,
PM620,,,,,,,
PM628,,,,,,,
PWB1000,,,,,,,
PWK440,,,,,,,
PWK650,,,,,,,
PWP650,,,,,,,
PWY500,,,,,,,
PWY650,,,,,,,
SD-A55,,,,,,,
SD-A6,,,,,,,
SD-B52,,,,,,,
SD-B57,,,,,,,
SD-B6,,,,,,,
SD-F5,,,,,,,
S2030,,,,,,,
S2280,,,,,,,
S2390,,,,,,,
S2400,,,,,,,
S3030,,,,,,,
S4035,,,,,,,
S4090,,,,,,,
S4510,,,,,,,
S4703,,,,,,,
S6020.5,,,,,,,
S6020.6,,,,,,,
S6020.8,,,,,,,
S6812,,,,,,,
S7670,,,,,,,
S8215,,,,,,,
TS-A5,,,,,,,
TS-A55,,,,,,,
V4470,,,,,,,
V4474,,,,,,,
V4476,,,,,,,
V4478,,,,,,,
V4483,,,,,,,
V4486,,,,,,,
V4491,,,,,,,
V4493,,,,,,,
V4496,,,,,,,
V4500,,,,,,,
V4501,,,,,,,
V4503,,,,,,,
V4504,,,,,,,
V4506,,,,,,,
V4510,,,,,,,
V4520,,,,,,,
V4522,,,,,,,
V4524,,,,,,,
V7094,,,,,,,
V7096,,,,,,,
V7098,,,,,,,
V7110,,,,,,,
V7112,,,,,,,
V7118,,,,,,,
V7120,,,,,,,
V7170,,,,,,,
V7172,,,,,,,
V7174,,,,,,,
V7190,,,,,,,
V7192,,,,,,,
V7194,,,,,,,
V7202,,,,,,,
V7204,,,,,,,
V8021,,,,,,,
V8022,,,,,,,
V8023,,,,,,,
V8041,,,,,,,
V8042,,,,,,,
V8050,,,,,,,
V8052,,,,,,,
V8053,,,,,,,
V8054,,,,,,,
V8060,,,,,,,
V8062,,,,,,,
V8063,,,,,,,
V8066,,,,,,,
W5297,,,,,,,
W5324,,,,,,,
W5384,,,,,,,
W5450,,,,,,,
W5460,,,,,,,
W5494,,,,,,,
W5923,,,,,,,
W6249,,,,,,,
YM-A5,,,,,,,
YM-A55,,,,,,,
YM-B5,,,,,,,
YM-C6,,,,,,,
YM-F5,,,,,,,
003-1611,,,,,,,
003-1612,,,,,,,
003-215,,,,,,,
003-216,,,,,,,
003-251,,,,,,,
003-430,,,,,,,
003-431,,,,,,,
003-508,,,,,,,
003-604,,,,,,,
003-632,,,,,,,
003-640,,,,,,,
004-150,,,,,,,
004-166,,,,,,,
004-282,,,,,,,
006-336,,,,,,,
006-362,,,,,,,
006-516,,,,,,,
006-540,,,,,,,
006-541,,,,,,,
006-562,,,,,,,
006-585,,,,,,,
006-589,,,,,,,
006-602,,,,,,,
006-603,,,,,,,
006-664,,,,,,,
006-667,,,,,,,
006-690,,,,,,,
007-625,,,,,,,
007-6251,,,,,,,
007-626,,,,,,,
007-6411,,,,,,,
008-425,,,,,,,
008-587,,,,,,,
009-709,,,,,,,
009-710,,,,,,,
009-732,,,,,,,
009-776,,,,,,,
010-050,,,,,,,
010-2151,,,,,,,
010-442,,,,,,,
010-485,,,,,,,
010-492,,,,,,,
010-522,,,,,,,
010-539,,,,,,,
010-542,,,,,,,
010-808,,,,,,,
010-8084,,,,,,,
010-8085,,,,,,,
010-8086,,,,,,,
010-8087,,,,,,,
010-809,,,,,,,
010-8094,,,,,,,
010-8095,,,,,,,
010-8096,,,,,,,
010-8097,,,,,,,
010-8105,,,,,,,
010-8107,,,,,,,
010-815,,,,,,,
010-8151,,,,,,,
010-8170,,,,,,,
010-8177,,,,,,,
010-825,,,,,,,
010-829,,,,,,,
010-9150,,,,,,,
010-9157,,,,,,,
010-916,,,,,,,
010-9160,,,,,,,
010-9167,,,,,,,
010-9177,,,,,,,
010-925,,,,,,,
010-929,,,,,,,
011-126,,,,,,,
011-208,,,,,,,
01181,,,,,,,
01242,,,,,,,
01252,,,,,,,
01253,,,,,,,
01314,,,,,,,
01322,,,,,,,
01326,,,,,,,
01328,,,,,,,
01573,,,,,,,
02530,,,,,,,
02543,,,,,,,
02544,,,,,,,
06400,,,,,,,
08-709,,,,,,,
1B781940,,,,,,,
1046,,,,,,,
1046-1,,,,,,,
1081,,,,,,,
110024,,,,,,,
110045,,,,,,,
11416,,,,,,,
1200YCRN,,,,,,,
12002,,,,,,,
12022,,,,,,,
14100,,,,,,,
14220,,,,,,,
168-5501,,,,,,,
1914,,,,,,,
2037,,,,,,,
20372,,,,,,,
2090,,,,,,,
2096,,,,,,,
2098,,,,,,,
2100,,,,,,,
2101,,,,,,,
2103,,,,,,,
2107,,,,,,,
21524,,,,,,,
22010,,,,,,,
2270,,,,,,,
23002,,,,,,,
2369124,,,,,,,
267104,,,,,,,
267105,,,,,,,
267267,,,,,,,
267312,,,,,,,
270217,,,,,,,
270297,,,,,,,
270352,,,,,,,
271101,,,,,,,
271264,,,,,,,
271290,,,,,,,
271291,,,,,,,
271366,,,,,,,
271420,,,,,,,
271653,,,,,,,
271965,,,,,,,
2720001,,,,,,,
272009,,,,,,,
272021,,,,,,,
272024,,,,,,,
272024-1,,,,,,,
272055,,,,,,,
272065,,,,,,,
272073,,,,,,,
272096,,,,,,,
272124,,,,,,,
272127,,,,,,,
272160,,,,,,,
275098-1,,,,,,,
275139,,,,,,,
27550,,,,,,,
275501,,,,,,,
275633,,,,,,,
277000168,,,,,,,
277000526,,,,,,,
277001578,,,,,,,
277001580,,,,,,,
277052,,,,,,,
278000194,,,,,,,
278167,,,,,,,
278734-2,,,,,,,
278916,,,,,,,
287308,,,,,,,
290260,,,,,,,
290508,,,,,,,
290607,,,,,,,
290873,,,,,,,
2909335,,,,,,,
292019,,,,,,,
293024,,,,,,,
3.-16-F1SU228,,,,,,,
3-12-F0DU148,,,,,,,
3-12-390212,,,,,,,
3-41-000612,,,,,,,
3-41-1603757,,,,,,,
3-41-3724,,,,,,,
3-50-PM-608,,,,,,,
3-50-PM645,,,,,,,
3-53-7000388,,,,,,,
3-60-431680,,,,,,,
3-94-002347,,,,,,,
3-94-0333749,,,,,,,
3-94-6K881303,,,,,,,
3-94-6K885580,,,,,,,
3-94889720,,,,,,,
300853,,,,,,,
3110033,,,,,,,
312G,,,,,,,
3369124,,,,,,,
3711,,,,,,,
3744D,,,,,,,
40210,,,,,,,
4176,,,,,,,
420230-1,,,,,,,
420343,,,,,,,
420358,,,,,,,
420502,,,,,,,
420698,,,,,,,
420723-1,,,,,,,
420723F,,,,,,,
420735,,,,,,,
420745,,,,,,,
420810,,,,,,,
4470X,,,,,,,
4472X,,,,,,,
4474X,,,,,,,
4476X,,,,,,,
4481X,,,,,,,
4482X,,,,,,,
4491X,,,,,,,
4493X,,,,,,,
4503X,,,,,,,
4506X,,,,,,,
4513X,,,,,,,
4520X,,,,,,,
4522X,,,,,,,
45332-1,,,,,,,
458135,,,,,,,
508522,,,,,,,
51312R,,,,,,,
513121K,,,,,,,
513122,,,,,,,
513123,,,,,,,
513124,,,,,,,
513157,,,,,,,
5132301,,,,,,,
513456,,,,,,,
5307,,,,,,,
550KC,,,,,,,
5533,,,,,,,
57-1186,,,,,,,
580SCN,,,,,,,
6M644517,,,,,,,
6R744517,,,,,,,
6R751321,,,,,,,
6007,,,,,,,
62E455,,,,,,,
6207C4,,,,,,,
6207P,,,,,,,
6208C4,,,,,,,
624P8,,,,,,,
64T458,,,,,,,
640663,,,,,,,
641110P,,,,,,,
66V455,,,,,,,
67X44517,,,,,,,
68A44517,,,,,,,
68Y455,,,,,,,
709P8,,,,,,,
7092,,,,,,,
7095,,,,,,,
7098P,,,,,,,
7098RP,,,,,,,
7099,,,,,,,
7114PB,,,,,,,
7118X,,,,,,,
7190R,,,,,,,
7192X,,,,,,,
7200X,,,,,,,
7210X,,,,,,,
770664,,,,,,,
800328,,,,,,,
8020X,,,,,,,
8022X,,,,,,,
8023X,,,,,,,
8024X,,,,,,,
8026X,,,,,,,
8050R,,,,,,,
8051R,,,,,,,
8053X,,,,,,,
8410,,,,,,,
8411,,,,,,,
85-2005,,,,,,,
851-14,,,,,,,
85520,,,,,,,
85533,,,,,,,
85570-1,,,,,,,
85580,,,,,,,
9-15121,,,,,,,
900PC,,,,,,,
901058,,,,,,,
901059,,,,,,,
9042,,,,,,,
9043,,,,,,,
91450,,,,,,,
92049-1509,,,,,,,
92060,,,,,,,
920755,,,,,,,
92160,,,,,,,
9216038,,,,,,,
9216039,,,,,,,
921675,,,,,,,
93606,,,,,,,
951RR,,,,,,,
951SC,,,,,,,
951SCU,,,,,,,
BL18-7278,,,,,,,
BL21970,,,,,,,
BL30456,,,,,,,
BL30459,,,,,,,
BL50143,,,,,,,
BL63091,,,,,,,
BL64151-1,,,,,,,
BL77100-1,,,,,,,
FM183,,,,,,,
GHR4,,,,,,,
HP1075WIRE,,,,,,,
JV624,,,,,,,
MPK602,,,,,,,
MR44T,,,,,,,
PM075SD,,,,,,,
PT406NM,,,,,,,
RSV01,,,,,,,
RSV02,,,,,,,
R028021A,,,,,,,
R3M,,,,,,,
R99502A8,,,,,,,
TJ14RP15,,,,,,,
T1090M,,,,,,,
UJ344,,,,,,,
WP415M,,,,,,,
07219,,,,,,,
0981679,,,,,,,
110711,,,,,,,
12093,,,,,,,
14249,,,,,,,
15700,,,,,,,
1609,,,,,,,
16353,,,,,,,
16528,,,,,,,
16613,,,,,,,
16614,,,,,,,
16638,,,,,,,
17020,,,,,,,
17040,,,,,,,
17042,,,,,,,
17200,,,,,,,
17230,,,,,,,
17340,,,,,,,
17342,,,,,,,
17900,,,,,,,
17903,,,,,,,
17930,,,,,,,
17931,,,,,,,
17951,,,,,,,
17982,,,,,,,
17985,,,,,,,
17986,,,,,,,
17997,,,,,,,
18-0158,,,,,,,
18-0520,,,,,,,
18-0603,,,,,,,
18-0943,,,,,,,
18-1103,,,,,,,
18-1125,,,,,,,
18-1128,,,,,,,
18-1129,,,,,,,
18-1130,,,,,,,
18-1143,,,,,,,
18-1179,,,,,,,
18-1183,,,,,,,
18-1211,,,,,,,
18-15120,,,,,,,
18-1933,,,,,,,
18-1956,,,,,,,
18-2114,,,,,,,
18-2127,,,,,,,
18-2172,,,,,,,
18-2175,,,,,,,
18-2321,,,,,,,
18-2323,,,,,,,
18-2345,,,,,,,
18-2353,,,,,,,
18-2402,,,,,,,
18-2437,,,,,,,
18-2438,,,,,,,
18-2603,,,,,,,
18-2645,,,,,,,
18-26823,,,,,,,
18-28100,,,,,,,
18-2909,,,,,,,
18-3080,,,,,,,
18-31102,,,,,,,
18-3150,,,,,,,
18-3320,,,,,,,
18-3586,,,,,,,
18-5968,,,,,,,
18-6401,,,,,,,
18-7086,,,,,,,
18-70933,,,,,,,
18-70941,,,,,,,
18-70942,,,,,,,
18-70944,,,,,,,
18-7201,,,,,,,
18-7272,,,,,,,
18-7475,,,,,,,
18-75125,,,,,,,
18-7748,,,,,,,
18-7749,,,,,,,
18-8520,,,,,,,
18-8813,,,,,,,
19-1992-1,,,,,,,
19732,,,,,,,
2-43CAMRTS,,,,,,,
2-91-864252,,,,,,,
20-0097,,,,,,,
2051,,,,,,,
21100,,,,,,,
21214596,,,,,,,
21700445,,,,,,,
2204,,,,,,,
2209,,,,,,,
22136,,,,,,,
22197130,,,,,,,
23479,,,,,,,
23742,,,,,,,
23743,,,,,,,
2648,,,,,,,
27-41811,,,,,,,
28150,,,,,,,
29761,,,,,,,
30120,,,,,,,
3081,,,,,,,
3144M,,,,,,,
31570,,,,,,,
3206M,,,,,,,
33790,,,,,,,
344863,,,,,,,
36830,,,,,,,
37464-4,,,,,,,
3812269,,,,,,,
3831426,,,,,,,
3842786,,,,,,,
3851327,,,,,,,
3852090,,,,,,,
3852165,,,,,,,
3852215,,,,,,,
3852268,,,,,,,
3852428,,,,,,,
3852433,,,,,,,
3852464,,,,,,,
3852534,,,,,,,
3852548,,,,,,,
3852550,,,,,,,
3852845,,,,,,,
3853155,,,,,,,
3853386,,,,,,,
3853404,,,,,,,
3853423,,,,,,,
3853424,,,,,,,
3853633,,,,,,,
3853825,,,,,,,
3854247,,,,,,,
3854878,,,,,,,
3856002,,,,,,,
3856122,,,,,,,
3856124,,,,,,,
3857184,,,,,,,
3857522,,,,,,,
3857588,,,,,,,
3858083,,,,,,,
3858212,,,,,,,
385898,,,,,,,
3860079,,,,,,,
3860086,,,,,,,
3860365,,,,,,,
3861006,,,,,,,
3862067,,,,,,,
3863036,,,,,,,
3885196,,,,,,,
3885250,,,,,,,
3888323,,,,,,,
3888917,,,,,,,
3889788,,,,,,,
3889965,,,,,,,
397,,,,,,,
4X6M,,,,,,,
41926,,,,,,,
43MUR,,,,,,,
43037,,,,,,,
466,,,,,,,
5010147,,,,,,,
5010181,,,,,,,
5010181JS,,,,,,,
503C,,,,,,,
50300,,,,,,,
50310,,,,,,,
50405,,,,,,,
50610,,,,,,,
51110,,,,,,,
51120,,,,,,,
51140,,,,,,,
51160,,,,,,,
51180,,,,,,,
51180-1,,,,,,,
51200-1,,,,,,,
51210,,,,,,,
51212,,,,,,,
5121200,,,,,,,
5121300TS,,,,,,,
51214,,,,,,,
5121400LS,,,,,,,
5121600,,,,,,,
51220,,,,,,,
51230,,,,,,,
51235,,,,,,,
51237,,,,,,,
51238,,,,,,,
51245,,,,,,,
51340,,,,,,,
51410,,,,,,,
51420,,,,,,,
51450,,,,,,,
51480,,,,,,,
51490,,,,,,,
5231300TS,,,,,,,
52457,,,,,,,
5275M,,,,,,,
5275ML,,,,,,,
53678,,,,,,,
55638,,,,,,,
56110,,,,,,,
56120,,,,,,,
56140,,,,,,,
56230,,,,,,,
56250,,,,,,,
5836,,,,,,,
59-5006,,,,,,,
59000,,,,,,,
59115,,,,,,,
59140,,,,,,,
59141,,,,,,,
59200,,,,,,,
59210,,,,,,,
59260,,,,,,,
59312,,,,,,,
59340,,,,,,,
59346,,,,,,,
59560,,,,,,,
59600,,,,,,,
60080,,,,,,,
6010M,,,,,,,
6217-13,,,,,,,
6233A,,,,,,,
63749,,,,,,,
64183B,,,,,,,
64654-1,,,,,,,
64889,,,,,,,
64908,,,,,,,
6521002JH,,,,,,,
65496,,,,,,,
65641-1,,,,,,,
68301,,,,,,,
68780,,,,,,,
68878A6,,,,,,,
69184,,,,,,,
69687,,,,,,,
69824,,,,,,,
70109,,,,,,,
70110,,,,,,,
70112,,,,,,,
70459,,,,,,,
707K,,,,,,,
707Z,,,,,,,
7114B2,,,,,,,
7143M,,,,,,,
7203M,,,,,,,
73866,,,,,,,
7403,,,,,,,
75611001,,,,,,,
77100-1,,,,,,,
79023,,,,,,,
8M0125846,,,,,,,
80014,,,,,,,
80572,,,,,,,
811588,,,,,,,
815822,,,,,,,
815822A32,,,,,,,
815822R,,,,,,,
815930RM,,,,,,,
8187,,,,,,,
81879,,,,,,,
81888,,,,,,,
82165,,,,,,,
82422,,,,,,,
83961,,,,,,,
850470,,,,,,,
85058,,,,,,,
852868,,,,,,,
8529-46,,,,,,,
85648,,,,,,,
85930,,,,,,,
86126,,,,,,,
86249,,,,,,,
86260,,,,,,,
863007,,,,,,,
865329A02,,,,,,,
866169T01,,,,,,,
866170A01,,,,,,,
8670,,,,,,,
86749A1,,,,,,,
87157A1,,,,,,,
87580,,,,,,,
87952,,,,,,,
87980-1,,,,,,,
88015,,,,,,,
880640A09,,,,,,,
881620001,,,,,,,
88555759T,,,,,,,
8866R04,,,,,,,
8866R63,,,,,,,
89062,,,,,,,
8951R33,,,,,,,
9-18615,,,,,,,
9-26301,,,,,,,
9-26302,,,,,,,
9-26306,,,,,,,
9-26307,,,,,,,
9-26823,,,,,,,
9-26900,,,,,,,
9-26901,,,,,,,
9-26902,,,,,,,
9-26903,,,,,,,
9-26904,,,,,,,
9-28000,,,,,,,
9-28001,,,,,,,
9-28002,,,,,,,
9-28003,,,,,,,
9-28004,,,,,,,
9-28009,,,,,,,
9-28010,,,,,,,
9-28011,,,,,,,
9-28012,,,,,,,
9-28014,,,,,,,
9-28015,,,,,,,
9-28016,,,,,,,
9-28017,,,,,,,
9-28020,,,,,,,
9-28023,,,,,,,
9-28026,,,,,,,
9-28028,,,,,,,
9-28035,,,,,,,
9-28044,,,,,,,
9-28056,,,,,,,
9-28057,,,,,,,
9-28100,,,,,,,
9-28101,,,,,,,
9-28150,,,,,,,
9-28151,,,,,,,
9-28175,,,,,,,
9-29307,,,,,,,
9-29318,,,,,,,
9-29322,,,,,,,
9-29801,,,,,,,
9-29804,,,,,,,
9-29900,,,,,,,
9-31101,,,,,,,
9-31102,,,,,,,
9-33106,,,,,,,
9-33200,,,,,,,
9-33207,,,,,,,
9-33210,,,,,,,
9-33305,,,,,,,
9-33503,,,,,,,
9-34001,,,,,,,
9-34004,,,,,,,
9-34005,,,,,,,
9-34008,,,,,,,
9-34011,,,,,,,
9-34012,,,,,,,
9-34013,,,,,,,
9-34052,,,,,,,
9-34054,,,,,,,
9-34057,,,,,,,
9-34058,,,,,,,
9-34059,,,,,,,
9-34062,,,,,,,
9-34063,,,,,,,
9-35400,,,,,,,
9-35429,,,,,,,
9-37600,,,,,,,
9-37619,,,,,,,
9-37624,,,,,,,
9-37626,,,,,,,
9-37627,,,,,,,
9-37629,,,,,,,
9-37630,,,,,,,
9-37631,,,,,,,
9-37632,,,,,,,
9-37635,,,,,,,
9-37639,,,,,,,
9-37804,,,,,,,
9-37815,,,,,,,
9-37824,,,,,,,
9-37826,,,,,,,
9-37881,,,,,,,
9-37883,,,,,,,
9-37885,,,,,,,
9-40100,,,,,,,
9-40102,,,,,,,
9-40110,,,,,,,
9-40111,,,,,,,
9-40112,,,,,,,
9-40113,,,,,,,
9-40120,,,,,,,
9-40121,,,,,,,
9-40130,,,,,,,
9-40170,,,,,,,
9-40171,,,,,,,
9-40172,,,,,,,
9-40173,,,,,,,
9-40301,,,,,,,
9-40302,,,,,,,
9-40303,,,,,,,
9-40312,,,,,,,
9-40313,,,,,,,
9-40371,,,,,,,
9-40372,,,,,,,
9-40373,,,,,,,
9-40376,,,,,,,
9-40400,,,,,,,
9-40401,,,,,,,
9-40402,,,,,,,
9-40403,,,,,,,
9-40404,,,,,,,
9-40414,,,,,,,
9-40417,,,,,,,
9-40418,,,,,,,
9-40419,,,,,,,
9-40440,,,,,,,
9-40470,,,,,,,
9-40473,,,,,,,
9-40474,,,,,,,
9-40475,,,,,,,
9-40476,,,,,,,
9-40477,,,,,,,
9-40500,,,,,,,
9-40503,,,,,,,
9-40531,,,,,,,
9-40550,,,,,,,
9-40553,,,,,,,
9-40554,,,,,,,
9-40556,,,,,,,
9-40570,,,,,,,
9-40571,,,,,,,
9-40573,,,,,,,
9-40574,,,,,,,
9-40575,,,,,,,
9-40578,,,,,,,
9-40580,,,,,,,
9-40581,,,,,,,
9-40582,,,,,,,
9-40583,,,,,,,
9-40584,,,,,,,
9-40585,,,,,,,
9-40586,,,,,,,
9-40590,,,,,,,
9-40610,,,,,,,
9-40611,,,,,,,
9-40670,,,,,,,
9-40671,,,,,,,
9-40672,,,,,,,
9-40800,,,,,,,
9-40810,,,,,,,
9-40870,,,,,,,
9-40900,,,,,,,
9-40902,,,,,,,
9-40911,,,,,,,
9-40970,,,,,,,
9-40971,,,,,,,
9-40972,,,,,,,
9-41206,,,,,,,
9-42600,,,,,,,
9-42602,,,,,,,
9-42608,,,,,,,
9-42720,,,,,,,
9-42721,,,,,,,
9-42802,,,,,,,
9-43033,,,,,,,
9-44003,,,,,,,
9-44004,,,,,,,
9-44005,,,,,,,
9-44053,,,,,,,
9-44054,,,,,,,
9-44055,,,,,,,
9-44056,,,,,,,
9-44057,,,,,,,
9-44058,,,,,,,
9-44060,,,,,,,
9-44062,,,,,,,
9-44063,,,,,,,
9-44064,,,,,,,
9-44065,,,,,,,
9-44067,,,,,,,
9-44068,,,,,,,
9-44069,,,,,,,
9-44070,,,,,,,
9-44071,,,,,,,
9-44072,,,,,,,
9-44073,,,,,,,
9-44075,,,,,,,
9-44077,,,,,,,
9-44079,,,,,,,
9-44080,,,,,,,
9-44081,,,,,,,
9-44083,,,,,,,
9-44084,,,,,,,
9-44085,,,,,,,
9-44086,,,,,,,
9-44087,,,,,,,
9-44088,,,,,,,
9-44092,,,,,,,
9-44093,,,,,,,
9-45706,,,,,,,
9-56481,,,,,,,
9-56482,,,,,,,
9-61005,,,,,,,
9-61213,,,,,,,
9-61214,,,,,,,
9-61313,,,,,,,
9-61414,,,,,,,
9-61416,,,,,,,
9-61420,,,,,,,
9-61430,,,,,,,
9-63702,,,,,,,
9-65300,,,,,,,
9-65302,,,,,,,
9-65400,,,,,,,
9-65401,,,,,,,
9-65402,,,,,,,
9-65500,,,,,,,
9-65501,,,,,,,
9-65700,,,,,,,
9-65800,,,,,,,
9-71218,,,,,,,
9-71603,,,,,,,
9-71604,,,,,,,
9-71605,,,,,,,
9-71606,,,,,,,
9-71611,,,,,,,
9-72140,,,,,,,
9-72157,,,,,,,
9-72158,,,,,,,
9-72410,,,,,,,
9-72463,,,,,,,
9-72503,,,,,,,
9-72507,,,,,,,
9-72510,,,,,,,
9-72606,,,,,,,
9-72808,,,,,,,
9-72814,,,,,,,
9-73100,,,,,,,
9-73104,,,,,,,
9-73131,,,,,,,
9-74402,,,,,,,
9-78120,,,,,,,
9-78148,,,,,,,
90081,,,,,,,
900811,,,,,,,
91001,,,,,,,
914035,,,,,,,
9227032,,,,,,,
9412,,,,,,,
94444,,,,,,,
9513,,,,,,,
96246A4,,,,,,,
96523,,,,,,,
97350T1,,,,,,,
982563,,,,,,,
98562,,,,,,,
98704,,,,,,,
98825,,,,,,,
99155T1,,,,,,,
99155T2,,,,,,,
BLPT472NM,,,,,,,
BLPT486,,,,,,,
BLPT497,,,,,,,
BLPT627NM,,,,,,,
BLPT651,,,,,,,
BLR98450,,,,,,,
BLS2055M,,,,,,,
BLV1620P,,,,,,,
BLV1930P,,,,,,,
BLV2900,,,,,,,
BLV2930,,,,,,,
BLV4400,,,,,,,
BLV4430,,,,,,,
BLV5130,,,,,,,
BLV6400,,,,,,,
BLV6420,,,,,,,
BLV7030P,,,,,,,
BLV7220,,,,,,,
BL113-2651,,,,,,,
BL113-3072,,,,,,,
BL113-3865,,,,,,,
BL113-4037,,,,,,,
BL113-4041,,,,,,,
BL113-4642,,,,,,,
BL113-4808,,,,,,,
BL113-4985,,,,,,,
BL113-6212,,,,,,,
BL113-6367,,,,,,,
BL114-4953,,,,,,,
BL114-7452,,,,,,,
BL1300,,,,,,,
BL134-6452,,,,,,,
BL134-6453,,,,,,,
BL134-6456,,,,,,,
BL13907,,,,,,,
BL14307,,,,,,,
BL1600S,,,,,,,
BL17-69612,,,,,,,
BL173-3050,,,,,,,
BL173-3668,,,,,,,
BL173-3672,,,,,,,
BL173-4287,,,,,,,
BL173-4560,,,,,,,
BL173-4766,,,,,,,
BL173-4821,,,,,,,
BL173-4981,,,,,,,
BL174-5454,,,,,,,
BL174-6120,,,,,,,
BL174-8778,,,,,,,
BL176-3095,,,,,,,
BL177-6G5,,,,,,,
BL18-1143,,,,,,,
BL18-1155,,,,,,,
BL18-1173,,,,,,,
BL18-5929,,,,,,,
BL183-2508,,,,,,,
BL1930P,,,,,,,
BL2075K2,,,,,,,
BL2400P,,,,,,,
BL24410,,,,,,,
BL24563,,,,,,,
BL25MS2N,,,,,,,
BL2500P,,,,,,,
BL2500S,,,,,,,
BL2515SV,,,,,,,
BL2940,,,,,,,
BL3127P3,,,,,,,
BL3129P4,,,,,,,
BL3140PS,,,,,,,
BL3151PS,,,,,,,
BL3154P3,,,,,,,
BL3162M,,,,,,,
BL3320SV,,,,,,,
BL3380,,,,,,,
BL4015S,,,,,,,
BL4029-5,,,,,,,
BL4030P,,,,,,,
BL4030S,,,,,,,
BL4215,,,,,,,
BL4512-3,,,,,,,
BL4600S,,,,,,,
BL4620P,,,,,,,
BL4620S,,,,,,,
BL4952A30,,,,,,,
BL5372,,,,,,,
BL5380,,,,,,,
BL58-3375,,,,,,,
BL5829,,,,,,,
BL5876,,,,,,,
BL6230M,,,,,,,
BL6241PY,,,,,,,
BL6266,,,,,,,
BL6274A,,,,,,,
BL6456-15,,,,,,,
BL6820PV,,,,,,,
BL6820SV,,,,,,,
BL6920P,,,,,,,
BL6920S,,,,,,,
BL7000S,,,,,,,
BL7200,,,,,,,
BL7230V,,,,,,,
BL77761,,,,,,,
BL8015S,,,,,,,
BL8039,,,,,,,
BL8090,,,,,,,
BL81942,,,,,,,
BL83778,,,,,,,
BL8402-2,,,,,,,
BL8402-60,,,,,,,
BL8556,,,,,,,
BL8808,,,,,,,
BL888733,,,,,,,
BL8939,,,,,,,
BL9610K2,,,,,,,
BL9730S,,,,,,,
BT15LEDSW-MB,,,,,,,
C2.5OPTI,,,,,,,
C264,,,,,,,
C265,,,,,,,
C265SJ,,,,,,,
C266-30P,,,,,,,
C332,,,,,,,
DF150175-100HR,,,,,,,
DF4050-100HR,,,,,,,
DF9915-100HR,,,,,,,
DPR6EB,,,,,,,
DV378,,,,,,,
DV391,,,,,,,
DV392,,,,,,,
D2001M,,,,,,,
E2,,,,,,,
E3,,,,,,,
FL043+6,,,,,,,
GBKIT,,,,,,,
GS-6E5,,,,,,,
GS-6G5,,,,,,,
GS-63P,,,,,,,
GS-688,,,,,,,
GS6P3,,,,,,,
ILFR6G,,,,,,,
K0A-A3721-00-00,,,,,,,
LA055+1,,,,,,,
LA07,,,,,,,
LA092,,,,,,,
L137,,,,,,,
MOT6000N,,,,,,,
M1,,,,,,,
N9115PV,,,,,,,
PLN-1,,,,,,,
PMC0041,,,,,,,
PT112,,,,,,,
PT114N-NPK,,,,,,,
PT114NMK,,,,,,,
PT303N,,,,,,,
PT440N,,,,,,,
PT486-1,,,,,,,
PT602,,,,,,,
PT626NM,,,,,,,
PT655NM,,,,,,,
R18736,,,,,,,
R584824,,,,,,,
R858404,,,,,,,
SD40,,,,,,,
SR399,,,,,,,
STT-F,,,,,,,
STT5-DS,,,,,,,
S1063M,,,,,,,
S1064M,,,,,,,
S1068M,,,,,,,
S2040M,,,,,,,
S2052M,,,,,,,
S333S,,,,,,,
T1083M,,,,,,,
T1175M,,,,,,,
V1120,,,,,,,
V1130,,,,,,,
V1800P,,,,,,,
V1800S,,,,,,,
V1820P,,,,,,,
V1820S,,,,,,,
V1830P,,,,,,,
V1830S,,,,,,,
V2100P,,,,,,,
V2100P-SH,,,,,,,
V2100S,,,,,,,
V2115S,,,,,,,
V2130P,,,,,,,
V2300,,,,,,,
V2315,,,,,,,
V2611,,,,,,,
V2613,,,,,,,
V2615,,,,,,,
V3300S,,,,,,,
V3320S,,,,,,,
V3330S,,,,,,,
V4015P,,,,,,,
V4015S,,,,,,,
V4030P,,,,,,,
V7000P,,,,,,,
V7000S,,,,,,,
V7015P,,,,,,,
V7220,,,,,,,
V7230,,,,,,,
V7900,,,,,,,
V7915,,,,,,,
V8000P,,,,,,,
V8015S,,,,,,,
V8030P,,,,,,,
V8030S,,,,,,,
V9000,,,,,,,
V9015,,,,,,,
V9030,,,,,,,
WP13R,,,,,,,
WP19R,,,,,,,
WT-12,,,,,,,
Y300350KITZ,,,,,,,
Y4060KITZ,,,,,,,
Y6090KITZ,,,,,,,
Y646,,,,,,,
012SP,,,,,,,
02593-1,,,,,,,
0573B,,,,,,,
06063,,,,,,,
086-1,,,,,,,
09280-22019,,,,,,,
09284-14004,,,,,,,
1-32-888725,,,,,,,
1-33-6AHW0093,,,,,,,
1-33-6AUW0093,,,,,,,
1-34-6AW13,,,,,,,
1-34-6AW13761,,,,,,,
1-80-6G813440,,,,,,,
1-91-70382510,,,,,,,
1-93-61N85570,,,,,,,
1-93-63V85570,,,,,,,
1-93-96455,,,,,,,
1-94-2075,,,,,,,
1-94-2115,,,,,,,
1-94-5454A17,,,,,,,
1-94-6G881960,,,,,,,
1-94-6617,,,,,,,
1-94-68T81960,,,,,,,
1-94-69A81950,,,,,,,
1-94-855721,,,,,,,
1-94-8778,,,,,,,
10-7375,,,,,,,
10-785-1,,,,,,,
10193,,,,,,,
11634,,,,,,,
1210FSA,,,,,,,
1234,,,,,,,
12352-1,,,,,,,
1300,,,,,,,
1320,,,,,,,
133-4586,,,,,,,
13764P,,,,,,,
13907,,,,,,,
13907F,,,,,,,
13914,,,,,,,
1406,,,,,,,
143187,,,,,,,
143207,,,,,,,
1434,,,,,,,
145,,,,,,,
1457,,,,,,,
1458,,,,,,,
1465,,,,,,,
1470-25,,,,,,,
1500,,,,,,,
1500V,,,,,,,
1520,,,,,,,
1520V,,,,,,,
1530,,,,,,,
1530H,,,,,,,
1530V,,,,,,,
153140,,,,,,,
153155,,,,,,,
15388002P,,,,,,,
15440-87L10P,,,,,,,
15440-90J00P,,,,,,,
15440-96J01P,,,,,,,
15446,,,,,,,
1610S,,,,,,,
1620PH,,,,,,,
16220,,,,,,,
163543,,,,,,,
1640P,,,,,,,
1642,,,,,,,
16600,,,,,,,
167-1,,,,,,,
16816,,,,,,,
1691,,,,,,,
17-T1A36,,,,,,,
17296N6,,,,,,,
173-1505,,,,,,,
173-3050,,,,,,,
173-3104,,,,,,,
173-3410,,,,,,,
173-3415,,,,,,,
174-6119,,,,,,,
17400-92J00.,,,,,,,
17400-99E01,,,,,,,
17400-99E10,,,,,,,
174020,,,,,,,
174040,,,,,,,
174060,,,,,,,
1757,,,,,,,
176-3095B,,,,,,,
18-0021,,,,,,,
18-0024,,,,,,,
18-0244,,,,,,,
18-1113,,,,,,,
18-1116,,,,,,,
18-1153,,,,,,,
18-1550,,,,,,,
18-2143,,,,,,,
18-2144,,,,,,,
18-2208,,,,,,,
18-2225,,,,,,,
18-2229,,,,,,,
18-2230,,,,,,,
18-2231,,,,,,,
18-2237,,,,,,,
18-2239,,,,,,,
18-2252,,,,,,,
18-2255,,,,,,,
18-2290,,,,,,,
18-2298,,,,,,,
18-2445,,,,,,,
18-2700,,,,,,,
18-2725,,,,,,,
18-2870,,,,,,,
18-3000,,,,,,,
18-3012,,,,,,,
18-3035,,,,,,,
18-3042,,,,,,,
18-3049,,,,,,,
18-3067,,,,,,,
18-3068,,,,,,,
18-3072,,,,,,,
18-3096,,,,,,,
18-3097,,,,,,,
18-3099,,,,,,,
18-3100,,,,,,,
18-32455,,,,,,,
18-3279,,,,,,,
18-3280,,,,,,,
18-3396,,,,,,,
18-3406,,,,,,,
18-3407,,,,,,,
18-3433,,,,,,,
18-3445,,,,,,,
18-3500,,,,,,,
18-3623,,,,,,,
18-3715,,,,,,,
18-3716,,,,,,,
18-3719,,,,,,,
18-3914,,,,,,,
18-3954,,,,,,,
18-3971,,,,,,,
18-4086,,,,,,,
18-4096,,,,,,,
18-4137,,,,,,,
18-4140,,,,,,,
18-4144,,,,,,,
18-4146,,,,,,,
18-4195,,,,,,,
18-4540,,,,,,,
18-4545,,,,,,,
18-5002,,,,,,,
18-5006,,,,,,,
18-5161,,,,,,,
18-5199,,,,,,,
18-5794,,,,,,,
18-5796,,,,,,,
18-6017,,,,,,,
18-6018,,,,,,,
18-6020,,,,,,,
18-6027,,,,,,,
18-6032,,,,,,,
18-6034,,,,,,,
18-6036,,,,,,,
18-6068,,,,,,,
18-6090,,,,,,,
18-6091,,,,,,,
18-6249,,,,,,,
18-6800,,,,,,,
18-7043,,,,,,,
18-7205,,,,,,,
18-7212,,,,,,,
18-7217,,,,,,,
18-7296,,,,,,,
18-7350,,,,,,,
18-7652,,,,,,,
18-7714,,,,,,,
18-7722,,,,,,,
18-7743,,,,,,,
18-7745,,,,,,,
18-7760,,,,,,,
18-7762,,,,,,,
18-7763,,,,,,,
18-7764,,,,,,,
18-7775,,,,,,,
18-7793,,,,,,,
18-7800,,,,,,,
18-7830,,,,,,,
18-7831,,,,,,,
18-7905,,,,,,,
18-7911,,,,,,,
18-7915,,,,,,,
18-7932,,,,,,,
18-7936,,,,,,,
18-79904,,,,,,,
18-79907,,,,,,,
18-80414,,,,,,,
18-8058,,,,,,,
18-8300,,,,,,,
18-8336,,,,,,,
18-9075,,,,,,,
1800P,,,,,,,
1800PH,,,,,,,
1800PV,,,,,,,
1800SH,,,,,,,
1800SV,,,,,,,
1820S,,,,,,,
1830PV,,,,,,,
18495,,,,,,,
1900P,,,,,,,
1900PV,,,,,,,
1900SV,,,,,,,
1920S,,,,,,,
19299A1,,,,,,,
193-2907,,,,,,,
193-5204,,,,,,,
1935K1,,,,,,,
20-8952,,,,,,,
2000P-SH,,,,,,,
2020C,,,,,,,
205C,,,,,,,
2100SV-SH,,,,,,,
2115PH,,,,,,,
2115SH,,,,,,,
213-6212,,,,,,,
2157-H,,,,,,,
2211,,,,,,,
2211R,,,,,,,
2212F,,,,,,,
2212R,,,,,,,
2213P,,,,,,,
2230P,,,,,,,
22662,,,,,,,
2272,,,,,,,
22960,,,,,,,
233603,,,,,,,
233664,,,,,,,
2341,,,,,,,
2371,,,,,,,
2379K1,,,,,,,
2400P,,,,,,,
2400PH,,,,,,,
2400S,,,,,,,
2400SH,,,,,,,
2415P,,,,,,,
2415PH,,,,,,,
2415S,,,,,,,
2415SH,,,,,,,
24224,,,,,,,
2430P,,,,,,,
2430PH,,,,,,,
2430S,,,,,,,
2430SH,,,,,,,
24563-002,,,,,,,
25MPN,,,,,,,
25MP2N,,,,,,,
25MP2S,,,,,,,
25MS2S,,,,,,,
2500P,,,,,,,
2500PVX,,,,,,,
2500R,,,,,,,
2500SVX,,,,,,,
2515R,,,,,,,
2530P,,,,,,,
25552,,,,,,,
2623-1,,,,,,,
26698,,,,,,,
2748,,,,,,,
2763STD,,,,,,,
2763020,,,,,,,
2763030,,,,,,,
27834,,,,,,,
2849-1H,,,,,,,
2849H,,,,,,,
2874-2H,,,,,,,
2874-3H,,,,,,,
2874H,,,,,,,
2875-2H,,,,,,,
2903,,,,,,,
2910,,,,,,,
2940,,,,,,,
2953TC,,,,,,,
2993,,,,,,,
2995,,,,,,,
3-3419,,,,,,,
3-3473,,,,,,,
3-4389,,,,,,,
3-4590,,,,,,,
3008P3,,,,,,,
3008S2,,,,,,,
3011P3,,,,,,,
3015P2,,,,,,,
3016PS,,,,,,,
3016S4,,,,,,,
3016S6,,,,,,,
3017-5,,,,,,,
3018PS,,,,,,,
3018P2,,,,,,,
3018SS,,,,,,,
3018S3,,,,,,,
3019PS,,,,,,,
3019P3,,,,,,,
3019SS,,,,,,,
3019S3,,,,,,,
3020PS,,,,,,,
3020P1,,,,,,,
3020P2,,,,,,,
3022P4,,,,,,,
3023P2,,,,,,,
3023P3,,,,,,,
3024P3,,,,,,,
3024S2,,,,,,,
3024S3,,,,,,,
3024S4,,,,,,,
3026P,,,,,,,
3026P4,,,,,,,
3027PS,,,,,,,
3027P2,,,,,,,
3027P3,,,,,,,
3028P3,,,,,,,
3030P2,,,,,,,
30300,,,,,,,
30305,,,,,,,
3031PS,,,,,,,
3031P4,,,,,,,
30310,,,,,,,
30315,,,,,,,
30320,,,,,,,
3033P3,,,,,,,
3033S3,,,,,,,
3037P2,,,,,,,
3040S2,,,,,,,
3043SS,,,,,,,
3043T97,,,,,,,
3046S6,,,,,,,
3051P1,,,,,,,
3052PS,,,,,,,
3053-5,,,,,,,
3055P2,,,,,,,
3056-5,,,,,,,
3059C,,,,,,,
3062P4,,,,,,,
3066,,,,,,,
3070P4,,,,,,,
3071-5,,,,,,,
3072,,,,,,,
3073P4,,,,,,,
307480P,,,,,,,
31-702,,,,,,,
31-706,,,,,,,
31-759,,,,,,,
3102P1,,,,,,,
311,,,,,,,
3117P4,,,,,,,
3117S4,,,,,,,
31246,,,,,,,
3126P4,,,,,,,
3127P4,,,,,,,
3136P1,,,,,,,
3140,,,,,,,
3142PS,,,,,,,
3142P3,,,,,,,
3152PS,,,,,,,
3152P2,,,,,,,
3152P3,,,,,,,
3152P4,,,,,,,
315204,,,,,,,
3153PS,,,,,,,
3153P4,,,,,,,
3154PS,,,,,,,
3154P2,,,,,,,
3154P3,,,,,,,
3154P4,,,,,,,
3155P3,,,,,,,
316579U,,,,,,,
3167P4,,,,,,,
3169PS,,,,,,,
3169P4,,,,,,,
3169S4,,,,,,,
3174PS,,,,,,,
3174P2,,,,,,,
3174P3,,,,,,,
3175PS,,,,,,,
3175P3,,,,,,,
3175P4,,,,,,,
3181P1,,,,,,,
3184PS,,,,,,,
3184P2,,,,,,,
3184P4,,,,,,,
3185KD,,,,,,,
3185P3,,,,,,,
3188P4,,,,,,,
3190PS,,,,,,,
319244,,,,,,,
3198U,,,,,,,
3201M,,,,,,,
3202P2,,,,,,,
3202P3,,,,,,,
3202P4,,,,,,,
3202SS,,,,,,,
3202S2,,,,,,,
3202S3,,,,,,,
3202S4,,,,,,,
3220P,,,,,,,
3220S,,,,,,,
3230,,,,,,,
33LBOLTKIT,,,,,,,
3300P,,,,,,,
3300S,,,,,,,
331451,,,,,,,
3319-1,,,,,,,
332-4797,,,,,,,
3330S,,,,,,,
33323,,,,,,,
335N,,,,,,,
335R,,,,,,,
3368KD,,,,,,,
338-4731,,,,,,,
3396,,,,,,,
341,,,,,,,
345,,,,,,,
3495,,,,,,,
3495-1,,,,,,,
3517-1,,,,,,,
361,,,,,,,
3646KD,,,,,,,
3668,,,,,,,
3670,,,,,,,
37791,,,,,,,
3811,,,,,,,
3821,,,,,,,
3852533,,,,,,,
3858,,,,,,,
39-6077,,,,,,,
3900,,,,,,,
390006,,,,,,,
3934-40,,,,,,,
394385,,,,,,,
40030,,,,,,,
4015S,,,,,,,
403-5,,,,,,,
403S-5,,,,,,,
41107-ZV5-000P,,,,,,,
414-6233,,,,,,,
4148R,,,,,,,
4198-1,,,,,,,
4200V,,,,,,,
4215V,,,,,,,
423-7731,,,,,,,
4230V,,,,,,,
42961,,,,,,,
4305H,,,,,,,
4320H,,,,,,,
4320P,,,,,,,
4320S,,,,,,,
4323-2H,,,,,,,
4326P,,,,,,,
437090P,,,,,,,
4400-1H,,,,,,,
4403,,,,,,,
4428,,,,,,,
4430P,,,,,,,
457-30,,,,,,,
459U,,,,,,,
48237,,,,,,,
4939,,,,,,,
499H,,,,,,,
5GH-13440-20-00,,,,,,,
5GH-13440-61-00,,,,,,,
5000K4,,,,,,,
5000K6,,,,,,,
5000334,,,,,,,
500118,,,,,,,
5002N,,,,,,,
5005844,,,,,,,
5006085,,,,,,,
5006342,,,,,,,
5007303,,,,,,,
5020K6,,,,,,,
5027,,,,,,,
5039,,,,,,,
5078,,,,,,,
5111P,,,,,,,
5189,,,,,,,
5194C,,,,,,,
5279-6W,,,,,,,
5337,,,,,,,
538555-CJI,,,,,,,
5500,,,,,,,
55125-87E01P,,,,,,,
5520,,,,,,,
5530,,,,,,,
561,,,,,,,
5709P,,,,,,,
5744,,,,,,,
58-1900,,,,,,,
58-2262,,,,,,,
58-3375,,,,,,,
58-3376,,,,,,,
58-4041,,,,,,,
58-4044,,,,,,,
58-4586,,,,,,,
58-4910,,,,,,,
58-5204,,,,,,,
58-6217,,,,,,,
5820P,,,,,,,
5828,,,,,,,
582926,,,,,,,
583359,,,,,,,
583789,,,,,,,
585023,,,,,,,
585257,,,,,,,
5859,,,,,,,
586381,,,,,,,
5867,,,,,,,
5875,,,,,,,
59002P,,,,,,,
59399R14,,,,,,,
59399R16,,,,,,,
6AW-W0001-20-00,,,,,,,
6CB-12113P,,,,,,,
6D0C,,,,,,,
6E5-43862-00,,,,,,,
6E5-43874-01-00,,,,,,,
6E5R,,,,,,,
6G5-45501,,,,,,,
6H1-43822-00-00,,,,,,,
6H1-45631-01,,,,,,,
6H3YC,,,,,,,
6H4-PROPKIT,,,,,,,
6J8C,,,,,,,
6K5CU,,,,,,,
6K5LAB,,,,,,,
6N7-85510-00-00,,,,,,,
6N7CR,,,,,,,
6P3-WS24A-01-00,,,,,,,
6P3-24563-01-00,,,,,,,
6013W,,,,,,,
60139,,,,,,,
61A-11447-00-00,,,,,,,
61A-4389H-01-00,,,,,,,
61A-85510-02-00,,,,,,,
61ACR,,,,,,,
61ACR-C,,,,,,,
62Y-W0093-10-00,,,,,,,
62Y24410,,,,,,,
620,,,,,,,
6220A3,,,,,,,
6227A,,,,,,,
6230M,,,,,,,
6238P,,,,,,,
6239,,,,,,,
624U,,,,,,,
6241P,,,,,,,
6250-1,,,,,,,
6278,,,,,,,
63004,,,,,,,
638R,,,,,,,
6388A,,,,,,,
6389A,,,,,,,
64E-43866-00,,,,,,,
64E-43883-00,,,,,,,
640R,,,,,,,
6420,,,,,,,
644HP,,,,,,,
6444323,,,,,,,
6452,,,,,,,
647R,,,,,,,
65NW0078P,,,,,,,
65W-46241P,,,,,,,
650CV,,,,,,,
6501,,,,,,,
65254,,,,,,,
66M11328,,,,,,,
662,,,,,,,
6620U,,,,,,,
6621N,,,,,,,
6623N,,,,,,,
6623N1,,,,,,,
6623U,,,,,,,
6626A25B,,,,,,,
6633N,,,,,,,
6633RC,,,,,,,
6634N,,,,,,,
6636N,,,,,,,
6638U,,,,,,,
6644329,,,,,,,
6644330,,,,,,,
6644331,,,,,,,
6648R,,,,,,,
6661DK1,,,,,,,
667H,,,,,,,
668H,,,,,,,
6686,,,,,,,
669H,,,,,,,
67C-11351P,,,,,,,
67HCR-C,,,,,,,
68FCU,,,,,,,
68V-24410,,,,,,,
68V-8194A-00-00,,,,,,,
68113-1,,,,,,,
6813W,,,,,,,
68136,,,,,,,
6820P,,,,,,,
6820S,,,,,,,
688-44514-00-94,,,,,,,
69J-12111P,,,,,,,
69J-12111P SS,,,,,,,
69J-12113P,,,,,,,
69J-24501-10-00,,,,,,,
69J-81800P,,,,,,,
69J24501,,,,,,,
69121,,,,,,,
69141,,,,,,,
69380,,,,,,,
69450,,,,,,,
69510,,,,,,,
69511,,,,,,,
69550,,,,,,,
69570,,,,,,,
69640,,,,,,,
69931,,,,,,,
69940,,,,,,,
6998,,,,,,,
7000-10,,,,,,,
7000-3,,,,,,,
7000-4,,,,,,,
7000-6,,,,,,,
7000-7,,,,,,,
7000-8,,,,,,,
7000-9,,,,,,,
7002,,,,,,,
7015-10,,,,,,,
7015-3,,,,,,,
7015-4,,,,,,,
7015-6,,,,,,,
7015-7,,,,,,,
7015-8,,,,,,,
7015-9,,,,,,,
7023,,,,,,,
7030-10,,,,,,,
7030-3,,,,,,,
7030-4,,,,,,,
7030-6,,,,,,,
7030-7,,,,,,,
7030-8,,,,,,,
7030-9,,,,,,,
7053,,,,,,,
7078,,,,,,,
7125,,,,,,,
7133,,,,,,,
7162,,,,,,,
7200,,,,,,,
7211,,,,,,,
7211V,,,,,,,
7213,,,,,,,
7214,,,,,,,
7220,,,,,,,
7222P,,,,,,,
7226,,,,,,,
7250,,,,,,,
7269,,,,,,,
7274,,,,,,,
7276,,,,,,,
7278,,,,,,,
7279,,,,,,,
7300C,,,,,,,
7302,,,,,,,
7358,,,,,,,
7363,,,,,,,
7365,,,,,,,
7367,,,,,,,
7370,,,,,,,
7375,,,,,,,
7386,,,,,,,
7387,,,,,,,
7389,,,,,,,
7390,,,,,,,
7392,,,,,,,
7393,,,,,,,
7395,,,,,,,
7396,,,,,,,
7399,,,,,,,
7426,,,,,,,
7430,,,,,,,
7431,,,,,,,
7432,,,,,,,
7440,,,,,,,
7445,,,,,,,
7447,,,,,,,
7518N,,,,,,,
7518N-1,,,,,,,
77420,,,,,,,
7750-1,,,,,,,
7771-1,,,,,,,
77764,,,,,,,
77769,,,,,,,
7778R2.2,,,,,,,
7840,,,,,,,
7845-5,,,,,,,
79070,,,,,,,
7910P,,,,,,,
7915-2,,,,,,,
7920P,,,,,,,
7930P,,,,,,,
7934P,,,,,,,
7940NB,,,,,,,
7944,,,,,,,
7948P,,,,,,,
795F,,,,,,,
8M0007943,,,,,,,
8M0065064,,,,,,,
80232,,,,,,,
803501,,,,,,,
803612T2,,,,,,,
8039,,,,,,,
805702,,,,,,,
80596-55-1,,,,,,,
8083,,,,,,,
8085,,,,,,,
8100P,,,,,,,
8120,,,,,,,
8120P,,,,,,,
8130P,,,,,,,
813693T1,,,,,,,
815434,,,,,,,
816106U,,,,,,,
816386B,,,,,,,
816936,,,,,,,
8209Y,,,,,,,
8216,,,,,,,
822820,,,,,,,
82670817,,,,,,,
827493,,,,,,,
8281R,,,,,,,
828123A23,,,,,,,
828123T31,,,,,,,
828200,,,,,,,
82834,,,,,,,
828701A1,,,,,,,
828702A2,,,,,,,
828708,,,,,,,
83221,,,,,,,
832823SP,,,,,,,
83880T,,,,,,,
840-1,,,,,,,
8402-V4,,,,,,,
8402-3,,,,,,,
840836HD,,,,,,,
8420,,,,,,,
85-58,,,,,,,
85027,,,,,,,
854512,,,,,,,
859321PXS,,,,,,,
8672A8,,,,,,,
8730,,,,,,,
875,,,,,,,
878408A1,,,,,,,
8808W,,,,,,,
880889,,,,,,,
883,,,,,,,
883072T,,,,,,,
884380-1,,,,,,,
884380P,,,,,,,
88530,,,,,,,
886638,,,,,,,
88810P,,,,,,,
8882,,,,,,,
888695,,,,,,,
889725047,,,,,,,
892595A02,,,,,,,
89286T,,,,,,,
9-0887,,,,,,,
9-0891,,,,,,,
9-0892,,,,,,,
9-0893,,,,,,,
9-0894,,,,,,,
9-0982,,,,,,,
9-23107,,,,,,,
9-25102,,,,,,,
9-25103,,,,,,,
9-28081,,,,,,,
9-29109,,,,,,,
9-32000,,,,,,,
9-32100,,,,,,,
9-32200,,,,,,,
9-37512,,,,,,,
9-37519,,,,,,,
9-37803,,,,,,,
9-37807,,,,,,,
9-37810,,,,,,,
9-37811,,,,,,,
9-37812,,,,,,,
9-37855,,,,,,,
9-37880,,,,,,,
9-37882,,,,,,,
9-37884,,,,,,,
9-37886,,,,,,,
9-37887,,,,,,,
9-37966,,,,,,,
9-38030,,,,,,,
9-43050,,,,,,,
9-45104,,,,,,,
9-45612,,,,,,,
9-48200,,,,,,,
9-48203,,,,,,,
9-48314,,,,,,,
9-48608,,,,,,,
9-48611,,,,,,,
9-52500,,,,,,,
9-53109,,,,,,,
9-53401,,,,,,,
9-53819,,,,,,,
9-57726,,,,,,,
9-57813,,,,,,,
9-57817,,,,,,,
9-6101,,,,,,,
9-72300,,,,,,,
9-72643,,,,,,,
9-73400,,,,,,,
9-73402,,,,,,,
9-73404,,,,,,,
9-73421,,,,,,,
9-73422,,,,,,,
9-73424,,,,,,,
9-73431,,,,,,,
9-73432,,,,,,,
9-73502,,,,,,,
9-73510,,,,,,,
9-73530,,,,,,,
9-73534,,,,,,,
9-73561,,,,,,,
9-73564,,,,,,,
9-73600,,,,,,,
9-73604,,,,,,,
9-73610,,,,,,,
9-73620,,,,,,,
9-73630,,,,,,,
9-73644,,,,,,,
9-75110,,,,,,,
9-75211,,,,,,,
90109-12M37-00,,,,,,,
90430-08003-00,,,,,,,
90430-08020,,,,,,,
90501P,,,,,,,
9115-1,,,,,,,
9115-3,,,,,,,
9148R84,,,,,,,
9148R85,,,,,,,
9300,,,,,,,
931-4921,,,,,,,
9320,,,,,,,
934-2K30,,,,,,,
9340,,,,,,,
93921,,,,,,,
944C,,,,,,,
944P,,,,,,,
9502,,,,,,,
95239,,,,,,,
953C-1,,,,,,,
9533-40,,,,,,,
959-1,,,,,,,
96J00,,,,,,,
96J01P,,,,,,,
9600K3,,,,,,,
9620K3,,,,,,,
96350,,,,,,,
9640K3,,,,,,,
9642,,,,,,,
98424,,,,,,,
98450A5,,,,,,,
98831B,,,,,,,
98866P,,,,,,,
99021A6,,,,,,,
9920,,,,,,,
997-Y254,,,,,,,
997-Y256,,,,,,,
